{
  "Delete User" : {
    "transaction" : "Delete User",
    "sampleCount" : 30,
    "errorCount" : 0,
    "errorPct" : 0.0,
    "meanResTime" : 235.8333333333333,
    "medianResTime" : 226.0,
    "minResTime" : 211.0,
    "maxResTime" : 346.0,
    "pct1ResTime" : 292.30000000000007,
    "pct2ResTime" : 324.0,
    "pct3ResTime" : 346.0,
    "throughput" : 0.5187170398547593,
    "receivedKBytesPerSec" : 0.15733741462782053,
    "sentKBytesPerSec" : 0.07608525330682113
  },
  "Total" : {
    "transaction" : "Total",
    "sampleCount" : 90,
    "errorCount" : 0,
    "errorPct" : 0.0,
    "meanResTime" : 492.9777777777777,
    "medianResTime" : 239.0,
    "minResTime" : 211.0,
    "maxResTime" : 1541.0,
    "pct1ResTime" : 970.8,
    "pct2ResTime" : 1164.4,
    "pct3ResTime" : 1541.0,
    "throughput" : 1.5157894736842106,
    "receivedKBytesPerSec" : 0.6933552631578948,
    "sentKBytesPerSec" : 0.22125
  },
  "Get User by ID" : {
    "transaction" : "Get User by ID",
    "sampleCount" : 30,
    "errorCount" : 0,
    "errorPct" : 0.0,
    "meanResTime" : 246.2666666666667,
    "medianResTime" : 232.5,
    "minResTime" : 212.0,
    "maxResTime" : 441.0,
    "pct1ResTime" : 303.4000000000001,
    "pct2ResTime" : 377.7499999999999,
    "pct3ResTime" : 441.0,
    "throughput" : 0.5182510753709815,
    "receivedKBytesPerSec" : 0.15719607813498712,
    "sentKBytesPerSec" : 0.0760169057819545
  },
  "Get Users" : {
    "transaction" : "Get Users",
    "sampleCount" : 30,
    "errorCount" : 0,
    "errorPct" : 0.0,
    "meanResTime" : 996.8333333333333,
    "medianResTime" : 940.5,
    "minResTime" : 883.0,
    "maxResTime" : 1541.0,
    "pct1ResTime" : 1261.6000000000001,
    "pct2ResTime" : 1441.4499999999998,
    "pct3ResTime" : 1541.0,
    "throughput" : 0.5094243504839532,
    "receivedKBytesPerSec" : 0.39002801833927664,
    "sentKBytesPerSec" : 0.07362773815588385
  }
}