{
  "Delete Users" : {
    "transaction" : "Delete Users",
    "sampleCount" : 30,
    "errorCount" : 0,
    "errorPct" : 0.0,
    "meanResTime" : 233.3,
    "medianResTime" : 227.0,
    "minResTime" : 213.0,
    "maxResTime" : 329.0,
    "pct1ResTime" : 265.6,
    "pct2ResTime" : 314.7,
    "pct3ResTime" : 329.0,
    "throughput" : 0.5190311418685122,
    "receivedKBytesPerSec" : 0.15743268814878894,
    "sentKBytesPerSec" : 0.07613132569204152
  },
  "Total" : {
    "transaction" : "Total",
    "sampleCount" : 90,
    "errorCount" : 0,
    "errorPct" : 0.0,
    "meanResTime" : 494.7444444444444,
    "medianResTime" : 239.0,
    "minResTime" : 212.0,
    "maxResTime" : 1586.0,
    "pct1ResTime" : 966.6000000000001,
    "pct2ResTime" : 1198.0000000000002,
    "pct3ResTime" : 1586.0,
    "throughput" : 1.5151260079796638,
    "receivedKBytesPerSec" : 0.6930517794313227,
    "sentKBytesPerSec" : 0.22115315819598996
  },
  "Get User by ID" : {
    "transaction" : "Get User by ID",
    "sampleCount" : 30,
    "errorCount" : 0,
    "errorPct" : 0.0,
    "meanResTime" : 249.0,
    "medianResTime" : 235.5,
    "minResTime" : 212.0,
    "maxResTime" : 405.0,
    "pct1ResTime" : 324.80000000000007,
    "pct2ResTime" : 400.6,
    "pct3ResTime" : 405.0,
    "throughput" : 0.5189054554260214,
    "receivedKBytesPerSec" : 0.15739456489777562,
    "sentKBytesPerSec" : 0.076112890043934
  },
  "Get Users" : {
    "transaction" : "Get Users",
    "sampleCount" : 30,
    "errorCount" : 0,
    "errorPct" : 0.0,
    "meanResTime" : 1001.9333333333333,
    "medianResTime" : 929.5,
    "minResTime" : 886.0,
    "maxResTime" : 1586.0,
    "pct1ResTime" : 1316.5000000000002,
    "pct2ResTime" : 1464.4499999999998,
    "pct3ResTime" : 1586.0,
    "throughput" : 0.509078567792296,
    "receivedKBytesPerSec" : 0.3897632784659766,
    "sentKBytesPerSec" : 0.07357776175123028
  }
}